{
    "index.build.second": {
        "P50": 124.48336293300235,
        "P95": 124.48336293300235,
        "p99": 124.48336293300235,
        "average": 124.48336293300235,
        "count": 1
    },
    "query.latency.second": {
        "P50": 0.0006788655009586364,
        "P95": 0.0007830514012312052,
        "p99": 0.000858349004338379,
        "average": 0.0006909663495374843,
        "count": 5000
    },
    "query.throughput.per_second": {
        "P50": 1473.0458382405566,
        "P95": 1586.3385818346994,
        "p99": 1610.786996589296,
        "average": 1455.460379474754,
        "count": 5000
    },
    "query.k-recall@k.percent": {
        "P50": 0.3,
        "P95": 0.6,
        "p99": 0.7,
        "average": 0.32282,
        "count": 5000
    }
}