{
    "index.build.second": {
        "P50": 7.975645318998431,
        "P95": 7.975645318998431,
        "p99": 7.975645318998431,
        "average": 7.975645318998431,
        "count": 1
    },
    "query.latency.second": {
        "P50": 0.00043888749860343523,
        "P95": 0.000689528606380918,
        "p99": 0.0007413420548982686,
        "average": 0.00046018280655844135,
        "count": 5000
    },
    "query.throughput.per_second": {
        "P50": 2278.4882328028643,
        "P95": 2379.8480185716926,
        "p99": 2402.8818227632846,
        "average": 2207.2810473995387,
        "count": 5000
    },
    "query.k-recall@k.percent": {
        "P50": 0.7,
        "P95": 0.9,
        "p99": 1.0,
        "average": 0.6962,
        "count": 5000
    }
}