{
    "index.build.second": {
        "P50": 5.320611799004837,
        "P95": 5.320611799004837,
        "p99": 5.320611799004837,
        "average": 5.320611799004837,
        "count": 1
    },
    "query.latency.second": {
        "P50": 0.00041034549940377474,
        "P95": 0.00045935315101814923,
        "p99": 0.0006161187590623741,
        "average": 0.0004182447531551588,
        "count": 5000
    },
    "query.throughput.per_second": {
        "P50": 2436.9708001914782,
        "P95": 2559.1889238543986,
        "p99": 2601.715567780253,
        "average": 2404.5149489371424,
        "count": 5000
    },
    "query.k-recall@k.percent": {
        "P50": 0.7,
        "P95": 0.9,
        "p99": 1.0,
        "average": 0.65582,
        "count": 5000
    }
}