{
    "index.build.second": {
        "P50": 7.890104624995729,
        "P95": 7.890104624995729,
        "p99": 7.890104624995729,
        "average": 7.890104624995729,
        "count": 1
    },
    "query.latency.second": {
        "P50": 0.0004359799968369771,
        "P95": 0.0005642955547955358,
        "p99": 0.0006636152191640577,
        "average": 0.00044928369357949123,
        "count": 5000
    },
    "query.throughput.per_second": {
        "P50": 2293.683213419455,
        "P95": 2381.0691530319677,
        "p99": 2405.3797123796803,
        "average": 2244.2245612207726,
        "count": 5000
    },
    "query.k-recall@k.percent": {
        "P50": 0.7,
        "P95": 0.9,
        "p99": 1.0,
        "average": 0.6976600000000001,
        "count": 5000
    }
}