{
    "index.build.second": {
        "P50": 7.998707389997435,
        "P95": 7.998707389997435,
        "p99": 7.998707389997435,
        "average": 7.998707389997435,
        "count": 1
    },
    "query.latency.second": {
        "P50": 0.00043446449490147643,
        "P95": 0.0005358349033485866,
        "p99": 0.0006906529414118274,
        "average": 0.0004489326004098984,
        "count": 5000
    },
    "query.throughput.per_second": {
        "P50": 2301.684054132171,
        "P95": 2387.3459239024914,
        "p99": 2410.30248922579,
        "average": 2247.7653188349254,
        "count": 5000
    },
    "query.k-recall@k.percent": {
        "P50": 0.7,
        "P95": 0.9,
        "p99": 1.0,
        "average": 0.6963199999999999,
        "count": 5000
    }
}