{
    "index.build.second": {
        "P50": 123.8311527429978,
        "P95": 123.8311527429978,
        "p99": 123.8311527429978,
        "average": 123.8311527429978,
        "count": 1
    },
    "query.latency.second": {
        "P50": 0.000679773002048023,
        "P95": 0.000798481252786587,
        "p99": 0.000959191942311009,
        "average": 0.000694871033342497,
        "count": 5000
    },
    "query.throughput.per_second": {
        "P50": 1471.0793220946357,
        "P95": 1586.4084293682638,
        "p99": 1614.3132703876147,
        "average": 1449.6966078604971,
        "count": 5000
    },
    "query.k-recall@k.percent": {
        "P50": 0.3,
        "P95": 0.6,
        "p99": 0.7,
        "average": 0.32682,
        "count": 5000
    }
}