{
    "index.build.second": {
        "P50": 124.19872122399829,
        "P95": 124.19872122399829,
        "p99": 124.19872122399829,
        "average": 124.19872122399829,
        "count": 1
    },
    "query.latency.second": {
        "P50": 0.0006807575009588618,
        "P95": 0.0007998396544280695,
        "p99": 0.00110428109910572,
        "average": 0.0006982131301876506,
        "count": 5000
    },
    "query.throughput.per_second": {
        "P50": 1468.9518640514636,
        "P95": 1586.9475392217662,
        "p99": 1615.966957475826,
        "average": 1445.545455966478,
        "count": 5000
    },
    "query.k-recall@k.percent": {
        "P50": 0.3,
        "P95": 0.6,
        "p99": 0.7,
        "average": 0.32596,
        "count": 5000
    }
}