{
    "index.build.second": {
        "P50": 105.46988086099736,
        "P95": 105.46988086099736,
        "p99": 105.46988086099736,
        "average": 105.46988086099736,
        "count": 1
    },
    "query.latency.second": {
        "P50": 0.0006528624981001485,
        "P95": 0.0007689678011956857,
        "p99": 0.0008735582234658074,
        "average": 0.0006659739226000965,
        "count": 5000
    },
    "query.throughput.per_second": {
        "P50": 1531.716101138633,
        "P95": 1668.0172054058462,
        "p99": 1703.0078147028937,
        "average": 1512.6815194356807,
        "count": 5000
    },
    "query.k-recall@k.percent": {
        "P50": 0.3,
        "P95": 0.6,
        "p99": 0.7,
        "average": 0.29533999999999994,
        "count": 5000
    }
}