{
    "index.build.second": {
        "P50": 124.41621483299969,
        "P95": 124.41621483299969,
        "p99": 124.41621483299969,
        "average": 124.41621483299969,
        "count": 1
    },
    "query.latency.second": {
        "P50": 0.0006826739954703953,
        "P95": 0.000792606047980371,
        "p99": 0.0008702597738738405,
        "average": 0.0006947657739088754,
        "count": 5000
    },
    "query.throughput.per_second": {
        "P50": 1464.8280242903943,
        "P95": 1581.3108091600275,
        "p99": 1609.96340669003,
        "average": 1448.0417690638105,
        "count": 5000
    },
    "query.k-recall@k.percent": {
        "P50": 0.3,
        "P95": 0.6,
        "p99": 0.7,
        "average": 0.32726,
        "count": 5000
    }
}