{
    "index.build.second": {
        "P50": 124.28622032499698,
        "P95": 124.28622032499698,
        "p99": 124.28622032499698,
        "average": 124.28622032499698,
        "count": 1
    },
    "query.latency.second": {
        "P50": 0.0006810050035710447,
        "P95": 0.0008077722977759549,
        "p99": 0.0011320848169270906,
        "average": 0.0007000998725750833,
        "count": 5000
    },
    "query.throughput.per_second": {
        "P50": 1468.4179922184776,
        "P95": 1584.4010041899685,
        "p99": 1611.3205874352861,
        "average": 1443.108094895406,
        "count": 5000
    },
    "query.k-recall@k.percent": {
        "P50": 0.3,
        "P95": 0.6,
        "p99": 0.7,
        "average": 0.32578,
        "count": 5000
    }
}