{
    "index.build.second": {
        "P50": 124.38148819899652,
        "P95": 124.38148819899652,
        "p99": 124.38148819899652,
        "average": 124.38148819899652,
        "count": 1
    },
    "query.latency.second": {
        "P50": 0.0006837950022600126,
        "P95": 0.000796658247418236,
        "p99": 0.001059629577066517,
        "average": 0.0006990918963769218,
        "count": 5000
    },
    "query.throughput.per_second": {
        "P50": 1462.4265999441368,
        "P95": 1577.0464048191118,
        "p99": 1607.3552486936724,
        "average": 1441.5350897107205,
        "count": 5000
    },
    "query.k-recall@k.percent": {
        "P50": 0.3,
        "P95": 0.6,
        "p99": 0.7,
        "average": 0.32674,
        "count": 5000
    }
}