{
    "index.build.second": {
        "P50": 7.966330611001467,
        "P95": 7.966330611001467,
        "p99": 7.966330611001467,
        "average": 7.966330611001467,
        "count": 1
    },
    "query.latency.second": {
        "P50": 0.0004331775016908068,
        "P95": 0.0004912342981697294,
        "p99": 0.000692715483673965,
        "average": 0.0004434412509741378,
        "count": 5000
    },
    "query.throughput.per_second": {
        "P50": 2308.5224789607573,
        "P95": 2394.112279110639,
        "p99": 2421.7677988357277,
        "average": 2269.402129419028,
        "count": 5000
    },
    "query.k-recall@k.percent": {
        "P50": 0.7,
        "P95": 0.9,
        "p99": 1.0,
        "average": 0.69472,
        "count": 5000
    }
}