{
    "index.build.second": {
        "P50": 7.992094840003119,
        "P95": 7.992094840003119,
        "p99": 7.992094840003119,
        "average": 7.992094840003119,
        "count": 1
    },
    "query.latency.second": {
        "P50": 0.0004350829985924065,
        "P95": 0.0006270631045481425,
        "p99": 0.0006912709133757747,
        "average": 0.0004524601166107459,
        "count": 5000
    },
    "query.throughput.per_second": {
        "P50": 2298.4120346759855,
        "P95": 2391.896740697294,
        "p99": 2416.2253854482706,
        "average": 2235.8827597908225,
        "count": 5000
    },
    "query.k-recall@k.percent": {
        "P50": 0.7,
        "P95": 0.9,
        "p99": 1.0,
        "average": 0.69714,
        "count": 5000
    }
}