{
    "index.build.second": {
        "P50": 7.955920515996695,
        "P95": 7.955920515996695,
        "p99": 7.955920515996695,
        "average": 7.955920515996695,
        "count": 1
    },
    "query.latency.second": {
        "P50": 0.00043663050382747315,
        "P95": 0.0005802509007480696,
        "p99": 0.0007317631538171554,
        "average": 0.00045395032963133417,
        "count": 5000
    },
    "query.throughput.per_second": {
        "P50": 2290.266005848957,
        "P95": 2383.674844921284,
        "p99": 2408.764084835848,
        "average": 2230.971942230632,
        "count": 5000
    },
    "query.k-recall@k.percent": {
        "P50": 0.7,
        "P95": 0.9,
        "p99": 1.0,
        "average": 0.69798,
        "count": 5000
    }
}